{"cameraMode":{"drawMode":0,"name":"Shaded","section":"Shading Mode"},"sceneLighting":true,"audioPlay":false,"sceneViewState":{"m_AlwaysRefresh":false,"showFog":true,"showSkybox":true,"showFlares":true,"showImageEffects":true,"showParticleSystems":true,"showVisualEffectGraphs":true,"m_FxEnabled":true},"in2DMode":false,"pivot":{"x":6.189337253570557,"y":-10.767904281616211,"z":-1.6903754472732545},"rotation":{"x":-0.003946033306419849,"y":0.9708479642868042,"z":-0.23912687599658967,"w":-0.016020294278860093},"size":4.24574613571167,"orthographic":false}