{"cameraMode":{"drawMode":0,"name":"Shaded","section":"Shading Mode"},"sceneLighting":true,"audioPlay":false,"sceneViewState":{"m_AlwaysRefresh":false,"showFog":true,"showSkybox":true,"showFlares":true,"showImageEffects":true,"showParticleSystems":true,"showVisualEffectGraphs":true,"m_FxEnabled":true},"in2DMode":false,"pivot":{"x":5.166280269622803,"y":-10.833097457885743,"z":-12.875150680541993},"rotation":{"x":0.01302739791572094,"y":0.9743587970733643,"z":-0.2168627232313156,"w":0.05853179469704628},"size":10.16966724395752,"orthographic":true}